{
    "total_runtime": 538.0481770038605,
    "num_documents": 3,
    "update_documents": 0,
    "input_load_time": 0,
    "workflows": {
        "load_input_documents": {
            "overall": 0.07260704040527344
        },
        "create_base_text_units": {
            "overall": 0.23269915580749512
        },
        "create_final_documents": {
            "overall": 0.03197193145751953
        },
        "extract_graph": {
            "overall": 285.6520290374756
        },
        "finalize_graph": {
            "overall": 0.04956173896789551
        },
        "extract_covariates": {
            "overall": 8.797645568847656e-05
        },
        "create_communities": {
            "overall": 0.03492307662963867
        },
        "create_final_text_units": {
            "overall": 0.018535852432250977
        },
        "create_community_reports": {
            "overall": 238.5671350955963
        },
        "generate_text_embeddings": {
            "overall": 13.386662721633911
        }
    }
}