{
    "total_runtime": 530.660562992096,
    "num_documents": 3,
    "update_documents": 0,
    "input_load_time": 0,
    "workflows": {
        "load_input_documents": {
            "overall": 0.060714006423950195
        },
        "create_base_text_units": {
            "overall": 0.06944489479064941
        },
        "create_final_documents": {
            "overall": 0.014818906784057617
        },
        "extract_graph": {
            "overall": 376.1867220401764
        },
        "finalize_graph": {
            "overall": 0.06441283226013184
        },
        "extract_covariates": {
            "overall": 9.107589721679688e-05
        },
        "create_communities": {
            "overall": 0.05327010154724121
        },
        "create_final_text_units": {
            "overall": 0.01877903938293457
        },
        "create_community_reports": {
            "overall": 141.39990186691284
        },
        "generate_text_embeddings": {
            "overall": 12.790467262268066
        }
    }
}